{
    "apiVersion": "v1",
    "kind": "Namespace",
    "metadata": {
        "annotations": {
            "kubectl.kubernetes.io/last-applied-configuration": "{\"apiVersion\":\"v1\",\"kind\":\"Namespace\",\"metadata\":{\"annotations\":{},\"creationTimestamp\":\"2025-03-12T05:36:47Z\",\"deletionTimestamp\":\"2025-03-12T05:39:39Z\",\"labels\":{\"kubernetes.io/metadata.name\":\"argocd\"},\"name\":\"argocd\",\"resourceVersion\":\"30523\",\"uid\":\"291f382a-99d1-4b8d-acba-5349be74d151\"},\"spec\":{},\"status\":{\"phase\":\"Terminating\"}}\n"
        },
        "creationTimestamp": "2025-03-12T05:36:47Z",
        "deletionTimestamp": "2025-03-12T05:39:39Z",
        "labels": {
            "kubernetes.io/metadata.name": "argocd"
        },
        "name": "argocd",
        "resourceVersion": "30693",
        "uid": "291f382a-99d1-4b8d-acba-5349be74d151"
    },
    "status": {
        "phase": "Terminating"
    }
}
