{
    "apiVersion": "v1",
    "kind": "PersistentVolumeClaim",
    "metadata": {
        "annotations": {
            "kubectl.kubernetes.io/last-applied-configuration": "{\"apiVersion\":\"v1\",\"kind\":\"PersistentVolumeClaim\",\"metadata\":{\"annotations\":{},\"name\":\"backup-pvc\",\"namespace\":\"database\"},\"spec\":{\"accessModes\":[\"ReadWriteOnce\"],\"resources\":{\"requests\":{\"storage\":\"10Gi\"}},\"storageClassName\":\"manual\"}}\n",
            "pv.kubernetes.io/bind-completed": "yes",
            "pv.kubernetes.io/bound-by-controller": "yes"
        },
        "creationTimestamp": "2025-03-13T02:43:57Z",
        "deletionGracePeriodSeconds": 0,
        "deletionTimestamp": "2025-03-13T06:12:05Z",
        "name": "backup-pvc",
        "namespace": "database",
        "resourceVersion": "68737",
        "uid": "f15fce04-9fbd-4444-bef1-13c60dfacb04"
    },
    "spec": {
        "accessModes": [
            "ReadWriteOnce"
        ],
        "resources": {
            "requests": {
                "storage": "10Gi"
            }
        },
        "storageClassName": "manual",
        "volumeMode": "Filesystem",
        "volumeName": "backup-pv"
    },
    "status": {
        "accessModes": [
            "ReadWriteOnce"
        ],
        "capacity": {
            "storage": "10Gi"
        },
        "phase": "Bound"
    }
}
