{
    "apiVersion": "v1",
    "kind": "PersistentVolumeClaim",
    "metadata": {
        "annotations": {
            "kubectl.kubernetes.io/last-applied-configuration": "{\"apiVersion\":\"v1\",\"kind\":\"PersistentVolumeClaim\",\"metadata\":{\"annotations\":{},\"name\":\"mysql-pvc\",\"namespace\":\"database\"},\"spec\":{\"accessModes\":[\"ReadWriteOnce\"],\"resources\":{\"requests\":{\"storage\":\"10Gi\"}},\"storageClassName\":\"manual\"}}\n",
            "pv.kubernetes.io/bind-completed": "yes",
            "pv.kubernetes.io/bound-by-controller": "yes"
        },
        "creationTimestamp": "2025-03-13T01:21:05Z",
        "deletionGracePeriodSeconds": 0,
        "deletionTimestamp": "2025-03-13T06:10:41Z",
        "name": "mysql-pvc",
        "namespace": "database",
        "resourceVersion": "68437",
        "uid": "a5b8d812-f58c-49a3-988f-8d9ee1cf081a"
    },
    "spec": {
        "accessModes": [
            "ReadWriteOnce"
        ],
        "resources": {
            "requests": {
                "storage": "10Gi"
            }
        },
        "storageClassName": "manual",
        "volumeMode": "Filesystem",
        "volumeName": "mysql-pv"
    },
    "status": {
        "accessModes": [
            "ReadWriteOnce"
        ],
        "capacity": {
            "storage": "10Gi"
        },
        "phase": "Bound"
    }
}
