{
    "apiVersion": "v1",
    "kind": "PersistentVolumeClaim",
    "metadata": {
        "annotations": {
            "kubectl.kubernetes.io/last-applied-configuration": "{\"apiVersion\":\"v1\",\"kind\":\"PersistentVolumeClaim\",\"metadata\":{\"annotations\":{},\"name\":\"prometheus-pvc\",\"namespace\":\"monitoring\"},\"spec\":{\"accessModes\":[\"ReadWriteOnce\"],\"resources\":{\"requests\":{\"storage\":\"10Gi\"}},\"storageClassName\":\"manual\"}}\n",
            "pv.kubernetes.io/bind-completed": "yes",
            "pv.kubernetes.io/bound-by-controller": "yes"
        },
        "creationTimestamp": "2025-03-13T01:21:07Z",
        "deletionGracePeriodSeconds": 0,
        "deletionTimestamp": "2025-03-13T06:15:40Z",
        "name": "prometheus-pvc",
        "namespace": "monitoring",
        "resourceVersion": "69574",
        "uid": "d34f30f0-545b-413f-a343-e9906c070cbe"
    },
    "spec": {
        "accessModes": [
            "ReadWriteOnce"
        ],
        "resources": {
            "requests": {
                "storage": "10Gi"
            }
        },
        "storageClassName": "manual",
        "volumeMode": "Filesystem",
        "volumeName": "prometheus-pv"
    },
    "status": {
        "accessModes": [
            "ReadWriteOnce"
        ],
        "capacity": {
            "storage": "10Gi"
        },
        "phase": "Bound"
    }
}
