{
    "taskDefinitionArn": "arn:aws:ecs:ap-northeast-2:730335258114:task-definition/fe-ecs-task-definition:15",
    "containerDefinitions": [
        {
            "name": "frontend",
            "image": "730335258114.dkr.ecr.ap-northeast-2.amazonaws.com/aira/fe:latest",
            "cpu": 0,
            "portMappings": [
                {
                    "name": "frontend-80-tcp",
                    "containerPort": 80,
                    "hostPort": 80,
                    "protocol": "tcp",
                    "appProtocol": "http"
                }
            ],
            "essential": true,
            "environment": [],
            "mountPoints": [],
            "volumesFrom": [],
            "linuxParameters": {
                "initProcessEnabled": true
            },
            "logConfiguration": {
                "logDriver": "awslogs",
                "options": {
                    "awslogs-group": "/ecs/fe-ecs-task-definition",
                    "mode": "non-blocking",
                    "awslogs-create-group": "true",
                    "max-buffer-size": "25m",
                    "awslogs-region": "ap-northeast-2",
                    "awslogs-stream-prefix": "ecs"
                }
            },
            "systemControls": []
        }
    ],
    "family": "fe-ecs-task-definition",
    "taskRoleArn": "arn:aws:iam::730335258114:role/ECSTaskExecutionRole",
    "executionRoleArn": "arn:aws:iam::730335258114:role/ECSTaskExecutionRole",
    "networkMode": "awsvpc",
    "revision": 15,
    "volumes": [],
    "status": "ACTIVE",
    "requiresAttributes": [
        {
            "name": "com.amazonaws.ecs.capability.logging-driver.awslogs"
        },
        {
            "name": "ecs.capability.execution-role-awslogs"
        },
        {
            "name": "com.amazonaws.ecs.capability.ecr-auth"
        },
        {
            "name": "com.amazonaws.ecs.capability.docker-remote-api.1.19"
        },
        {
            "name": "com.amazonaws.ecs.capability.docker-remote-api.1.28"
        },
        {
            "name": "com.amazonaws.ecs.capability.task-iam-role"
        },
        {
            "name": "com.amazonaws.ecs.capability.docker-remote-api.1.25"
        },
        {
            "name": "ecs.capability.execution-role-ecr-pull"
        },
        {
            "name": "com.amazonaws.ecs.capability.docker-remote-api.1.18"
        },
        {
            "name": "ecs.capability.task-eni"
        },
        {
            "name": "com.amazonaws.ecs.capability.docker-remote-api.1.29"
        }
    ],
    "placementConstraints": [],
    "compatibilities": [
        "EC2",
        "FARGATE"
    ],
    "requiresCompatibilities": [
        "FARGATE"
    ],
    "cpu": "1024",
    "memory": "3072",
    "runtimePlatform": {
        "cpuArchitecture": "ARM64",
        "operatingSystemFamily": "LINUX"
    },
    "registeredAt": "2025-02-14T02:30:15.594Z",
    "registeredBy": "arn:aws:iam::730335258114:user/YoungBum_Lee",
    "tags": []
}
