{
    "Version": "2012-10-17",
    "Statement": [
        {
            "Effect": "Allow",
            "Principal": {
                "Service": "ec2.amazonaws.com"
            },
            "Action": "sts:AssumeRole"
        },
        {
            "Effect": "Allow",
            "Principal": {
                "Federated": "arn:aws:iam::730335258114:oidc-provider/oidc.eks.ap-northeast-2.amazonaws.com/id/8DCC0D9929CEEA536DBB5ECA92A694E0"
            },
            "Action": "sts:AssumeRoleWithWebIdentity",
            "Condition": {
                "StringEquals": {
                    "oidc.eks.ap-northeast-2.amazonaws.com/id/8DCC0D9929CEEA536DBB5ECA92A694E0:sub": "system:serviceaccount:kube-system:ebs-csi-controller-sa",
                    "oidc.eks.ap-northeast-2.amazonaws.com/id/8DCC0D9929CEEA536DBB5ECA92A694E0:aud": "sts.amazonaws.com"
                }
            }
        }
    ]
}