{
    "taskDefinitionArn": "arn:aws:ecs:ap-northeast-2:730335258114:task-definition/be-ecs-task-definition:30",
    "containerDefinitions": [
        {
            "name": "backend",
            "image": "730335258114.dkr.ecr.ap-northeast-2.amazonaws.com/aira/be:latest",
            "cpu": 0,
            "portMappings": [
                {
                    "name": "backend-8000-tcp",
                    "containerPort": 8000,
                    "hostPort": 8000,
                    "protocol": "tcp",
                    "appProtocol": "http"
                }
            ],
            "essential": true,
            "command": [
                "uvicorn",
                "main:app",
                "--host",
                "0.0.0.0",
                "--port",
                "8000"
            ],
            "environment": [
                {
                    "name": "DB_HOST",
                    "value": "localhost"
                },
                {
                    "name": "DB_PORT",
                    "value": "3306"
                }
            ],
            "environmentFiles": [
                {
                    "value": "arn:aws:s3:::backend-ecs-env/ecsdeploy_BE.env",
                    "type": "s3"
                }
            ],
            "mountPoints": [],
            "volumesFrom": [],
            "linuxParameters": {
                "initProcessEnabled": true
            },
            "dependsOn": [
                {
                    "containerName": "db",
                    "condition": "HEALTHY"
                }
            ],
            "logConfiguration": {
                "logDriver": "awslogs",
                "options": {
                    "awslogs-group": "/ecs/be-ecs-task-definition",
                    "mode": "non-blocking",
                    "awslogs-create-group": "true",
                    "max-buffer-size": "25m",
                    "awslogs-region": "ap-northeast-2",
                    "awslogs-stream-prefix": "ecs"
                },
                "secretOptions": []
            },
            "systemControls": []
        },
        {
            "name": "db",
            "image": "730335258114.dkr.ecr.ap-northeast-2.amazonaws.com/aira/mysql:latest",
            "cpu": 0,
            "portMappings": [
                {
                    "name": "db-3306-tcp",
                    "containerPort": 3306,
                    "hostPort": 3306,
                    "protocol": "tcp"
                }
            ],
            "essential": true,
            "environment": [],
            "environmentFiles": [
                {
                    "value": "arn:aws:s3:::backend-ecs-env/ecsdeploy.env",
                    "type": "s3"
                }
            ],
            "mountPoints": [
                {
                    "sourceVolume": "db-efs-volume",
                    "containerPath": "/var/lib/mysql",
                    "readOnly": false
                }
            ],
            "volumesFrom": [],
            "linuxParameters": {
                "initProcessEnabled": true
            },
            "logConfiguration": {
                "logDriver": "awslogs",
                "options": {
                    "awslogs-group": "/ecs/be-ecs-task-definition",
                    "mode": "non-blocking",
                    "awslogs-create-group": "true",
                    "max-buffer-size": "25m",
                    "awslogs-region": "ap-northeast-2",
                    "awslogs-stream-prefix": "ecs"
                },
                "secretOptions": []
            },
            "healthCheck": {
                "command": [
                    "CMD-SHELL",
                    "mysqladmin ping -h localhost || exit 1"
                ],
                "interval": 30,
                "timeout": 5,
                "retries": 3,
                "startPeriod": 60
            },
            "systemControls": []
        }
    ],
    "family": "be-ecs-task-definition",
    "taskRoleArn": "arn:aws:iam::730335258114:role/ECSTaskExecutionRole",
    "executionRoleArn": "arn:aws:iam::730335258114:role/ECSTaskExecutionRole",
    "networkMode": "awsvpc",
    "revision": 30,
    "volumes": [
        {
            "name": "db-efs-volume",
            "efsVolumeConfiguration": {
                "fileSystemId": "fs-0cd8c0d4546176719",
                "rootDirectory": "/",
                "transitEncryption": "ENABLED",
                "authorizationConfig": {
                    "accessPointId": "fsap-0528f3f98b436e9f5",
                    "iam": "DISABLED"
                }
            }
        }
    ],
    "status": "ACTIVE",
    "requiresAttributes": [
        {
            "name": "ecs.capability.execution-role-awslogs"
        },
        {
            "name": "com.amazonaws.ecs.capability.ecr-auth"
        },
        {
            "name": "com.amazonaws.ecs.capability.docker-remote-api.1.28"
        },
        {
            "name": "com.amazonaws.ecs.capability.task-iam-role"
        },
        {
            "name": "ecs.capability.container-health-check"
        },
        {
            "name": "ecs.capability.execution-role-ecr-pull"
        },
        {
            "name": "com.amazonaws.ecs.capability.docker-remote-api.1.18"
        },
        {
            "name": "ecs.capability.task-eni"
        },
        {
            "name": "com.amazonaws.ecs.capability.docker-remote-api.1.29"
        },
        {
            "name": "com.amazonaws.ecs.capability.logging-driver.awslogs"
        },
        {
            "name": "ecs.capability.efsAuth"
        },
        {
            "name": "com.amazonaws.ecs.capability.docker-remote-api.1.19"
        },
        {
            "name": "ecs.capability.efs"
        },
        {
            "name": "ecs.capability.env-files.s3"
        },
        {
            "name": "com.amazonaws.ecs.capability.docker-remote-api.1.25"
        },
        {
            "name": "ecs.capability.container-ordering"
        }
    ],
    "placementConstraints": [],
    "compatibilities": [
        "EC2",
        "FARGATE"
    ],
    "requiresCompatibilities": [
        "FARGATE"
    ],
    "cpu": "2048",
    "memory": "8192",
    "runtimePlatform": {
        "cpuArchitecture": "ARM64",
        "operatingSystemFamily": "LINUX"
    },
    "registeredAt": "2025-02-17T04:11:42.731Z",
    "registeredBy": "arn:aws:iam::730335258114:user/YoungBum_Lee",
    "tags": []
}
